date,S&P500,FTSE100,DAX40
33700.00,404.29,2572.60,1736.06
33707.00,416.05,2638.60,1749.23
33714.00,409.02,2643.00,1745.70
33721.00,412.53,2659.80,1734.02
33728.00,416.05,2725.70,1748.17
33735.00,410.09,2682.60,1724.06
33742.00,414.02,2714.30,1802.96
33749.00,415.35,2707.60,1802.36
33756.00,413.48,2668.50,1789.06
33763.00,409.76,2603.70,1782.26
33770.00,403.67,2584.80,1772.88
33777.00,403.45,2534.10,1754.12
33784.00,411.77,2497.10,1776.98
33791.00,414.62,2490.80,1754.48
33798.00,415.62,2431.90,1702.65
33805.00,411.60,2377.20,1610.41
33812.00,424.22,2399.60,1615.42
33819.00,418.88,2350.10,1609.50
33826.00,419.91,2356.80,1547.79
33833.00,414.85,2365.70,1520.01
33840.00,414.84,2312.60,1516.47
33847.00,417.08,2362.20,1536.50
33854.00,419.58,2370.90,1527.79
33861.00,422.92,2567.00,1589.33
33868.00,414.35,2601.00,1513.36
33875.00,410.47,2549.70,1478.03
33882.00,402.66,2541.20,1439.65
33889.00,411.73,2563.90,1461.61
33896.00,414.10,2669.70,1526.81
33903.00,418.68,2658.30,1492.31
33910.00,417.58,2702.70,1487.15
33917.00,422.43,2697.50,1548.51
33924.00,426.65,2732.40,1544.75
33931.00,430.16,2760.10,1522.95
33938.00,432.06,2759.40,1522.15
33945.00,433.73,2716.20,1476.00
33952.00,441.28,2789.70,1492.03
33959.00,439.77,2827.50,1526.95
33966.00,435.71,2846.50,1545.04
33973.00,429.05,2799.20,1531.52
33980.00,437.15,2765.10,1544.55
33987.00,436.11,2781.20,1587.64
33994.00,438.78,2807.20,1571.85
34001.00,448.93,2862.90,1641.37
34008.00,444.58,2843.00,1661.43
34015.00,434.22,2840.00,1677.39
34022.00,443.38,2868.00,1684.35
34029.00,446.11,2922.10,1682.81
34036.00,449.83,2915.90,1707.14
34043.00,450.18,2900.10,1698.81
34050.00,447.77,2852.90,1661.29
34057.00,441.38,2869.90,1661.75
34064.00,441.84,2821.80,1655.73
34071.00,448.94,2824.40,1678.85
34078.00,437.03,2843.80,1657.10
34085.00,440.19,2813.10,1627.18
34092.00,442.31,2793.70,1611.92
34099.00,439.56,2847.00,1634.51
34106.00,445.84,2812.20,1610.59
34113.00,450.21,2840.70,1631.85
34120.00,450.06,2829.90,1637.85
34127.00,447.26,2861.80,1680.98
34134.00,443.68,2879.40,1686.90
34141.00,447.60,2887.50,1695.24
34148.00,445.84,2857.70,1697.81
34155.00,448.11,2843.20,1797.41
34162.00,445.75,2833.00,1813.46
34169.00,447.10,2827.70,1830.83
34176.00,448.13,2926.50,1803.23
34183.00,448.68,2969.80,1869.38
34190.00,450.14,3010.10,1906.58
34197.00,456.16,3057.60,1922.80
34204.00,460.54,3100.60,1904.60
34211.00,461.33,3057.30,1925.16
34218.00,461.72,3037.00,1861.43
34225.00,458.83,3005.50,1881.99
34232.00,457.63,3005.20,1885.86
34239.00,461.28,3039.30,1912.09
34246.00,460.31,3108.60,2005.01
34253.00,469.50,3120.80,2015.03
34260.00,463.27,3199.00,2066.16
34267.00,467.83,3171.00,2069.00
34274.00,459.57,3085.60,2012.56
34281.00,465.39,3099.10,2015.01
34288.00,462.60,3108.00,2077.37
34295.00,463.06,3111.40,2047.27
34302.00,464.89,3234.20,2120.61
34309.00,463.93,3261.30,2161.12
34316.00,466.38,3337.10,2151.02
34323.00,467.38,3412.30,2222.84
34330.00,466.45,3418.40,2266.67
34337.00,469.90,3446.00,2211.63
34344.00,474.91,3400.60,2141.82
34351.00,474.72,3484.20,2075.61
34358.00,478.70,3447.40,2133.50
34365.00,469.81,3475.40,2138.30
34372.00,470.18,3378.90,2090.60
34379.00,467.69,3382.60,2152.00
34386.00,466.07,3281.20,2075.00
34393.00,464.74,3278.00,2060.10
34400.00,466.44,3191.90,2103.49
34407.00,471.06,3218.10,2155.61
34414.00,460.58,3129.00,2130.10
34421.00,445.76,3086.40,2133.11
34428.00,447.10,3120.80,2203.40
34435.00,446.18,3168.30,2200.40
34442.00,447.63,3133.70,2213.90
34449.00,450.91,3125.30,2246.00
34456.00,447.82,3106.00,2237.00
34463.00,444.14,3119.20,2258.80
34470.00,454.92,3127.30,2249.70
34477.00,457.33,2966.40,2141.00
34484.00,460.13,2997.80,2148.40
34491.00,458.67,3055.90,2133.10
34498.00,458.45,3022.90,2050.70
34505.00,442.80,2876.60,2005.30
34512.00,446.20,2936.40,2036.52
34519.00,449.55,2962.40,2050.90
34526.00,454.16,3074.80,2093.60
34533.00,453.11,3114.70,2150.30
34540.00,458.25,3082.60,2146.64
34547.00,457.09,3167.50,2184.76
34554.00,461.95,3142.30,2124.48
34561.00,463.68,3191.40,2149.57
34568.00,473.80,3265.10,2161.54
34575.00,470.99,3222.70,2204.71
34582.00,468.18,3139.30,2185.20
34589.00,471.19,3065.10,2118.73
34596.00,459.67,3028.20,2089.12
34603.00,462.71,3026.30,2011.80
34610.00,455.10,2998.70,1960.60
34617.00,469.10,3106.70,2105.70
34624.00,464.89,3032.80,2022.20
34631.00,473.77,3083.80,2040.30
34638.00,462.28,3097.60,2067.60
34645.00,462.35,3075.90,2078.35
34652.00,461.47,3131.00,2100.20
34659.00,452.29,3033.50,2051.62
34666.00,453.30,3017.30,2038.51
34673.00,446.97,2977.30,2028.33
34680.00,458.80,3013.60,2070.06
34687.00,459.83,3083.40,2094.01
34694.00,461.17,3065.50,2106.58
34701.00,460.68,3064.90,2053.92
34708.00,465.97,3048.30,2055.60
34715.00,469.71,2995.00,2055.60
34722.00,470.39,3022.20,2031.70
34729.00,478.65,3059.70,2057.99
34736.00,481.46,3109.90,2130.15
34743.00,481.97,3044.20,2117.03
34750.00,488.26,3037.70,2118.64
34757.00,485.42,3025.10,2109.50
34764.00,489.57,3021.10,1994.02
34771.00,495.52,3089.30,2004.31
34778.00,500.97,3153.40,1924.98
34785.00,500.71,3137.90,1922.59
34792.00,506.42,3210.90,1981.88
34799.00,509.23,3208.80,1986.45
34806.00,508.49,3199.90,1976.64
34813.00,514.71,3216.70,2015.94
34820.00,520.12,3251.70,2023.83
34827.00,525.55,3310.30,2096.92
34834.00,519.19,3261.00,2065.13
34841.00,523.65,3311.10,2077.87
34848.00,532.51,3345.00,2136.26
34855.00,527.94,3337.70,2122.20
34862.00,539.83,3366.10,2119.79
34869.00,549.71,3379.40,2139.73
34876.00,544.75,3314.60,2083.90
34883.00,556.37,3462.90,2153.39
34890.00,559.89,3429.20,2184.90
34897.00,553.62,3413.10,2201.86
34904.00,562.93,3468.90,2230.00
34911.00,558.94,3482.40,2235.99
34918.00,555.11,3467.50,2232.90
34925.00,559.21,3509.80,2263.46
34932.00,560.10,3524.90,2249.27
34939.00,563.84,3509.40,2233.09
34946.00,572.68,3554.50,2273.70
34953.00,583.35,3564.60,2317.01
34960.00,581.73,3514.80,2211.79
34967.00,584.41,3508.20,2187.04
34974.00,582.49,3526.50,2171.43
34981.00,584.50,3568.00,2196.83
34988.00,587.46,3551.40,2170.49
34995.00,579.70,3497.90,2096.08
35002.00,590.57,3500.40,2181.72
35009.00,592.72,3523.40,2172.17
35016.00,600.07,3609.20,2201.28
35023.00,599.97,3624.00,2198.16
35030.00,606.98,3680.40,2260.66
35037.00,617.48,3630.00,2267.50
35044.00,616.34,3642.60,2284.77
35051.00,611.95,3658.30,2280.43
35058.00,615.93,3689.30,2253.88
35065.00,616.72,3704.50,2331.88
35072.00,601.81,3657.30,2356.45
35079.00,611.83,3748.40,2398.76
35086.00,621.62,3734.70,2432.93
35093.00,635.85,3781.30,2452.06
35100.00,656.37,3716.30,2411.93
35107.00,647.98,3770.90,2429.02
35114.00,659.08,3740.30,2451.78
35121.00,644.37,3752.70,2501.22
35128.00,633.50,3710.30,2469.12
35135.00,641.43,3644.80,2458.23
35142.00,650.62,3707.00,2504.02
35149.00,645.50,3699.70,2485.87
35156.00,655.86,3755.60,2495.18
35163.00,636.71,3766.80,2511.78
35170.00,645.07,3857.10,2536.52
35177.00,653.46,3832.80,2537.17
35184.00,641.63,3751.60,2457.49
35191.00,652.09,3754.40,2468.78
35198.00,668.91,3789.60,2537.33
35205.00,678.51,3752.10,2542.24
35212.00,669.12,3747.80,2542.80
35219.00,673.31,3706.80,2557.43
35226.00,665.85,3753.60,2548.83
35233.00,666.84,3722.30,2540.11
35240.00,670.63,3711.00,2561.39
35247.00,657.44,3743.20,2583.49
35254.00,646.19,3728.30,2544.26
35261.00,638.73,3710.50,2520.19
35268.00,635.90,3673.30,2470.34
35275.00,662.49,3770.60,2508.65
35282.00,662.10,3810.70,2525.64
35289.00,665.21,3872.90,2548.36
35296.00,667.03,3907.50,2562.12
35303.00,651.99,3867.60,2534.49
35310.00,655.68,3893.00,2542.74
35317.00,680.54,3967.90,2614.50
35324.00,687.02,3964.10,2641.50
35331.00,686.19,3946.40,2659.86
35338.00,701.46,4024.80,2704.25
35345.00,700.66,4028.10,2692.69
35352.00,710.82,4053.10,2727.56
35359.00,700.92,4022.40,2690.79
35366.00,703.77,3948.50,2670.19
35373.00,730.82,3910.80,2732.29
35380.00,737.62,3958.20,2800.60
35387.00,748.73,4018.70,2769.47
35394.00,757.02,4058.00,2848.84
35401.00,739.60,3962.90,2832.53
35408.00,728.64,3972.20,2815.77
35415.00,748.87,4077.50,2835.54
35422.00,756.79,4091.00,2859.22
35429.00,748.03,4089.40,2863.26
35436.00,759.50,4056.60,2915.81
35443.00,776.17,4207.50,3006.87
35450.00,770.52,4218.70,2982.63
35457.00,786.16,4275.00,3037.70
35464.00,789.56,4307.70,3161.36
35471.00,808.48,4341.00,3249.17
35478.00,801.77,4336.40,3203.79
35485.00,790.82,4307.70,3261.04
35492.00,804.97,4420.20,3419.51
35499.00,793.17,4424.30,3404.29
35506.00,784.10,4254.80,3288.52
35513.00,773.88,4312.90,3407.83
35520.00,757.90,4236.60,3235.35
35527.00,737.65,4270.60,3319.24
35534.00,766.34,4310.50,3361.20
35541.00,765.37,4369.70,3357.57
35548.00,812.97,4455.60,3491.08
35555.00,824.78,4630.90,3533.21
35562.00,829.75,4693.90,3569.26
35569.00,847.03,4661.80,3621.72
35576.00,848.28,4621.30,3562.73
35583.00,858.01,4645.00,3700.53
35590.00,893.27,4783.10,3752.37
35597.00,898.70,4593.90,3788.54
35604.00,887.30,4640.30,3809.92
35611.00,916.92,4812.80,3946.73
35618.00,916.68,4799.50,4074.30
35625.00,915.30,4877.20,4131.94
35632.00,938.79,4851.50,4368.54
35639.00,947.14,4899.30,4336.98
35646.00,933.54,5031.30,4342.31
35653.00,900.81,4865.80,4077.34
35660.00,923.54,4901.10,4090.14
35667.00,899.47,4817.50,3919.79
35674.00,929.05,4994.20,4073.71
35681.00,923.91,4848.20,3796.61
35688.00,950.51,5023.80,3983.06
35695.00,945.22,5226.30,4135.09
35702.00,965.03,5330.80,4266.17
35709.00,966.98,5227.30,4164.62
35716.00,944.16,5271.10,4049.16
35723.00,941.64,4970.20,3981.44
35730.00,914.62,4842.30,3753.66
35737.00,927.51,4764.30,3715.38
35744.00,928.35,4741.80,3676.65
35751.00,963.09,4985.80,3941.91
35758.00,955.40,4831.80,3972.08
35765.00,983.79,5142.90,4191.81
35772.00,953.39,5045.20,4061.91
35779.00,946.78,5020.20,4055.35
35786.00,936.46,5013.90,4132.79
35793.00,975.00,5193.50,4364.32
35800.00,927.69,5138.30,4237.75
35807.00,961.51,5263.10,4216.24
35814.00,957.58,5181.40,4222.16
35821.00,980.28,5458.50,4442.53
35828.00,1012.45,5629.70,4536.91
35835.00,1020.09,5582.30,4522.42
35842.00,1034.21,5751.60,4583.03
35849.00,1049.34,5767.30,4693.86
35856.00,1055.69,5782.90,4762.71
35863.00,1068.59,5782.30,4872.24
35870.00,1099.16,5956.30,5045.16
35877.00,1095.44,5939.30,5066.90
35884.00,1122.70,6064.20,5254.32
35891.00,1110.67,6105.50,5312.25
35898.00,1122.72,5922.20,5326.63
35905.00,1107.90,5863.90,5144.42
35912.00,1121.00,6010.30,5241.23
35919.00,1108.14,5969.80,5270.61
35926.00,1108.73,5917.80,5414.31
35933.00,1110.47,5955.60,5530.19
35940.00,1090.82,5870.70,5556.99
35947.00,1113.86,5947.30,5724.75
35954.00,1098.84,5769.80,5631.34
35961.00,1100.65,5748.10,5644.22
35968.00,1133.20,5877.40,5870.49
35975.00,1146.42,5988.40,5961.45
35982.00,1164.33,5929.70,6001.24
35989.00,1186.75,6174.00,6162.86
35996.00,1140.80,5892.30,6040.58
36003.00,1120.67,5837.00,5861.19
36010.00,1089.45,5680.40,5598.32
36017.00,1062.75,5455.00,5473.72
36024.00,1081.18,5477.00,5190.60
36031.00,1027.25,5249.40,4925.80
36038.00,973.89,5167.00,4864.97
36045.00,1009.06,5118.60,4754.64
36052.00,1020.09,5055.60,4623.37
36059.00,1044.75,5061.00,4584.41
36066.00,1002.60,4750.40,4019.31
36073.00,984.32,4823.40,3973.44
36080.00,1056.42,5133.10,4469.12
36087.00,1070.67,5217.10,4480.43
36094.00,1098.67,5438.40,4690.99
36101.00,1141.01,5491.00,4811.37
36108.00,1125.72,5463.20,4649.75
36115.00,1163.55,5717.50,4916.25
36122.00,1192.29,5844.20,5159.00
36129.00,1176.74,5581.90,4809.95
36136.00,1166.46,5541.70,4541.49
36143.00,1188.03,5741.90,4655.72
36150.00,1226.27,5867.20,4978.87
36157.00,1229.23,5882.60,5006.56
36164.00,1275.09,6147.20,5370.50
36171.00,1243.26,5941.00,4973.77
36178.00,1225.19,5861.20,5008.20
36185.00,1279.64,5896.00,5180.29
36192.00,1239.40,5855.30,5097.47
36199.00,1230.13,5950.70,4896.74
36206.00,1239.19,6031.20,4823.25
36213.00,1238.33,6175.80,4903.95
36220.00,1275.47,6205.50,4840.81
36227.00,1294.59,6282.20,5031.06
36234.00,1299.29,6163.20,5108.75
36241.00,1282.80,6139.20,4799.58
36248.00,1293.72,6330.00,4901.81
36255.00,1348.35,6472.70,5133.91
36262.00,1319.00,6420.60,5143.02
36269.00,1356.85,6428.00,5187.89
36276.00,1335.18,6552.20,5360.43
36283.00,1345.00,6356.00,5276.50
36290.00,1337.80,6300.30,5183.49
36297.00,1330.29,6353.10,5253.77
36304.00,1301.84,6226.00,5070.98
36311.00,1327.75,6362.00,5124.12
36318.00,1293.64,6485.00,5296.01
36325.00,1342.84,6528.00,5337.19
36332.00,1315.31,6435.00,5301.21
36339.00,1391.22,6491.80,5519.04
36346.00,1403.28,6562.60,5638.95
36353.00,1418.78,6563.20,5619.93
36360.00,1356.94,6207.30,5310.62
36367.00,1328.72,6231.80,5101.87
36374.00,1300.29,6121.00,5010.47
36381.00,1327.68,6245.10,5219.43
36388.00,1336.61,6180.70,5254.14
36395.00,1348.27,6375.20,5420.35
36402.00,1357.24,6332.10,5336.22
36409.00,1351.66,6191.00,5483.95
36416.00,1335.42,6039.70,5303.93
36423.00,1277.36,5937.60,5186.52
36430.00,1282.81,5970.70,5124.54
36437.00,1336.02,6199.30,5419.25
36444.00,1247.41,5907.20,5184.22
36451.00,1301.65,6058.80,5357.75
36458.00,1362.93,6255.70,5525.39
36465.00,1370.23,6356.60,5658.10
36472.00,1396.04,6511.60,5791.04
36479.00,1422.00,6482.20,5955.97
36486.00,1416.62,6684.70,5958.06
36493.00,1433.30,6742.20,6119.16
36500.00,1417.04,6739.50,6097.89
36507.00,1421.05,6724.60,6353.89
36514.00,1458.34,6806.50,6782.39
36521.00,1469.25,6930.20,6958.14
36528.00,1441.47,6504.70,6780.95
36535.00,1465.15,6658.20,7173.22
36542.00,1441.36,6346.20,6992.75
36549.00,1360.15,6375.60,7066.60
36556.00,1424.37,6188.50,7444.60
36563.00,1387.12,6185.90,7611.54
36570.00,1346.09,6165.10,7573.77
36577.00,1333.36,6194.90,7738.68
36584.00,1409.17,6491.30,7960.02
36591.00,1395.07,6571.80,7975.95
36598.00,1464.47,6563.80,7710.91
36605.00,1527.46,6738.50,7932.41
36612.00,1498.58,6540.20,7599.39
36619.00,1516.35,6568.20,7522.20
36626.00,1346.22,6175.20,7214.83
36633.00,1434.54,6240.70,7157.95
36640.00,1456.04,6341.90,7414.68
36647.00,1426.70,6245.10,7530.81
36654.00,1420.96,6284.90,7269.27
36661.00,1406.95,6050.90,6989.02
36668.00,1378.02,6206.00,6938.33
36675.00,1477.26,6633.10,7431.47
36682.00,1456.95,6443.80,7254.52
36689.00,1464.48,6526.00,7131.39
36696.00,1441.54,6391.50,6980.41
36703.00,1454.60,6312.70,6898.20
36710.00,1478.90,6497.50,7052.22
36717.00,1509.51,6475.40,7317.87
36724.00,1480.11,6378.40,7373.25
36731.00,1419.89,6335.70,7128.29
36738.00,1462.93,6363.50,7016.58
36745.00,1471.84,6384.50,7322.97
36752.00,1491.80,6543.70,7232.41
36759.00,1506.46,6563.70,7307.16
36766.00,1520.77,6795.00,7344.66
36773.00,1494.64,6600.70,7267.77
36780.00,1465.78,6417.30,6999.54
36787.00,1448.71,6205.90,6740.25
36794.00,1436.48,6294.20,6786.27
36801.00,1408.99,6391.20,6776.39
36808.00,1374.10,6209.60,6661.29
36815.00,1396.86,6276.30,6618.43
36822.00,1379.56,6382.30,6924.68
36829.00,1426.69,6385.30,7128.27
36836.00,1365.98,6400.20,6851.68
36843.00,1367.72,6434.00,6752.29
36850.00,1341.77,6321.10,6664.18
36857.00,1315.18,6142.20,6512.91
36864.00,1369.54,6289.70,6691.25
36871.00,1312.33,6181.90,6331.29
36878.00,1305.97,6097.50,6251.39
36885.00,1320.50,6222.50,6433.60
36892.00,1298.47,6198.10,6382.31
36899.00,1318.55,6165.50,6490.02
36906.00,1342.56,6209.30,6651.52
36913.00,1354.94,6294.30,6695.77
36920.00,1349.47,6256.40,6638.20
36927.00,1314.76,6164.30,6497.07
36934.00,1301.47,6088.30,6439.26
36941.00,1245.47,5943.70,6075.34
36948.00,1234.20,5852.50,6159.02
36955.00,1233.42,5917.30,6204.41
36962.00,1150.56,5562.80,5734.49
36969.00,1139.90,5402.30,5544.66
36976.00,1160.34,5633.70,5829.95
36983.00,1128.42,5601.50,5698.87
36990.00,1183.51,5766.60,6002.29
36997.00,1242.93,5879.80,6127.97
37004.00,1253.07,5951.40,6175.24
37011.00,1266.60,5870.30,6138.27
37018.00,1245.65,5901.60,6141.02
37025.00,1291.95,5915.00,6186.87
37032.00,1277.90,5889.80,6223.56
37039.00,1260.67,5809.60,6133.52
37046.00,1264.97,5941.70,6187.20
37053.00,1214.36,5723.00,5915.18
37060.00,1225.42,5665.70,5941.77
37067.00,1226.99,5642.50,6058.37
37074.00,1190.59,5479.20,5862.10
37081.00,1215.68,5537.00,5911.37
37088.00,1210.85,5387.10,5764.06
37095.00,1205.93,5403.10,5754.85
37102.00,1214.36,5547.60,5735.87
37109.00,1190.17,5427.20,5433.49
37116.00,1161.97,5342.10,5222.12
37123.00,1184.92,5471.90,5387.50
37130.00,1133.58,5345.00,5188.17
37137.00,1085.78,5070.30,4730.67
37144.00,1092.54,4755.70,4115.98
37151.00,965.80,4357.40,3787.23
37158.00,1040.90,4903.40,4308.15
37165.00,1071.38,5036.00,4487.69
37172.00,1091.61,5145.50,4625.13
37179.00,1073.48,5017.70,4513.53
37186.00,1104.61,5188.60,4820.26
37193.00,1087.20,5129.50,4583.31
37200.00,1120.31,5244.20,4910.07
37207.00,1138.58,5291.00,5062.64
37214.00,1150.34,5293.20,5150.97
37221.00,1139.45,5203.60,4989.91
37228.00,1158.27,5264.70,5199.03
37235.00,1123.07,5061.00,4909.42
37242.00,1144.90,5159.70,5019.01
37249.00,1161.01,5242.40,5160.10
37256.00,1172.51,5323.80,5318.73
37263.00,1145.60,5198.60,5209.97
37270.00,1127.58,5126.80,5122.23
37277.00,1133.29,5193.00,5156.63
37284.00,1122.19,5189.70,5097.06
37291.00,1096.22,5128.10,4835.95
37298.00,1104.18,5182.50,4862.60
37305.00,1089.84,5050.80,4745.58
37312.00,1131.78,5169.00,5097.41
37319.00,1164.31,5285.70,5359.55
37326.00,1166.16,5292.70,5401.11
37333.00,1148.70,5250.50,5366.13
37340.00,1147.39,5271.80,5397.29
37347.00,1122.73,5233.60,5260.53
37354.00,1111.01,5161.00,5189.65
37361.00,1125.16,5243.60,5284.55
37368.00,1076.32,5159.00,5000.38
37375.00,1073.43,5203.10,4882.77
37382.00,1054.99,5171.20,4871.70
37389.00,1106.59,5218.00,5036.41
37396.00,1083.82,5169.10,4899.13
37403.00,1067.18,5085.10,4818.30
37410.00,1027.53,4920.40,4610.18
37417.00,1007.26,4630.80,4303.85
37424.00,989.13,4605.30,4232.40
37431.00,989.44,4656.40,4382.56
37438.00,989.03,4615.60,4483.03
37445.00,921.40,4224.10,4130.80
37452.00,847.75,4098.30,3891.88
37459.00,852.84,4016.60,3579.00
37466.00,864.24,4075.50,3532.49
37473.00,908.60,4322.40,3760.86
37480.00,928.77,4330.00,3684.69
37487.00,940.86,4389.80,3828.26
37494.00,916.08,4227.30,3712.94
37501.00,893.92,4107.20,3485.68
37508.00,889.80,4008.00,3361.28
37515.00,845.39,3860.10,3065.73
37522.00,827.36,3907.20,2918.90
37529.00,800.59,3813.80,2714.62
37536.00,835.32,3953.40,2930.74
37543.00,884.38,4130.50,3163.67
37550.00,897.65,4051.10,3102.01
37557.00,900.96,3997.00,3165.16
37564.00,894.73,4034.60,3079.10
37571.00,909.74,4091.60,3191.76
37578.00,930.55,4175.20,3320.88
37585.00,936.31,4169.40,3320.32
37592.00,912.23,4013.50,3207.53
37599.00,889.50,3878.10,3077.06
37606.00,895.85,3889.90,3024.22
37613.00,875.42,3829.40,2871.05
37620.00,908.60,4004.90,3092.94
37627.00,927.57,3974.10,3037.33
37634.00,901.78,3820.60,2918.82
37641.00,861.40,3603.70,2717.82
37648.00,855.70,3567.40,2747.83
37655.00,829.69,3599.20,2569.34
37662.00,834.89,3611.90,2674.46
37669.00,848.17,3727.10,2648.87
37676.00,841.15,3655.60,2547.05
37683.00,828.89,3491.60,2431.66
37690.00,833.26,3601.80,2403.19
37697.00,895.89,3861.10,2715.06
37704.00,863.48,3708.50,2520.84
37711.00,878.85,3814.40,2654.07
37718.00,868.30,3808.10,2733.95
37725.00,893.58,3889.20,2899.78
37732.00,898.81,3870.20,2838.23
37739.00,930.08,3952.60,2986.00
37746.00,933.41,3969.40,2956.59
37753.00,944.30,4049.00,2989.08
37760.00,933.22,3979.80,2822.83
37767.00,963.59,4048.10,2982.68
37774.00,987.76,4150.80,3127.46
37781.00,988.61,4134.10,3168.71
37788.00,995.73,4160.10,3238.98
37795.00,976.22,4067.80,3224.66
37802.00,985.70,4021.50,3239.61
37809.00,998.13,4058.10,3326.51
37816.00,993.32,4073.20,3366.71
37823.00,998.68,4131.20,3356.89
37830.00,980.15,4098.40,3438.89
37837.00,977.59,4147.80,3332.24
37844.00,990.67,4247.30,3443.93
37851.00,993.05,4225.90,3549.05
37858.00,1008.03,4161.10,3484.58
37865.00,1021.37,4257.20,3607.71
37872.00,1018.63,4237.80,3508.06
37879.00,1036.31,4257.00,3578.70
37886.00,996.85,4157.10,3324.85
37893.00,1029.85,4274.00,3419.00
37900.00,1038.06,4311.00,3471.25
37907.00,1039.32,4344.00,3516.67
37914.00,1028.91,4239.00,3452.64
37921.00,1050.71,4287.60,3655.99
37928.00,1053.21,4376.90,3782.56
37935.00,1050.35,4397.00,3797.40
37942.00,1035.28,4319.00,3642.25
37949.00,1058.20,4342.60,3745.95
37956.00,1061.50,4367.00,3841.73
37963.00,1074.14,4347.60,3860.13
37970.00,1088.66,4412.30,3898.42
37977.00,1095.89,4444.70,3903.34
37984.00,1108.49,4510.20,4018.50
37991.00,1121.86,4466.30,4016.18
37998.00,1139.83,4487.90,4111.64
38005.00,1141.55,4460.80,4151.83
38012.00,1131.13,4390.70,4058.60
38019.00,1142.76,4402.70,4044.99
38026.00,1145.81,4412.00,4057.05
38033.00,1144.11,4515.00,4073.35
38040.00,1144.94,4492.20,4018.16
38047.00,1156.86,4547.10,4126.14
38054.00,1120.60,4467.40,3915.38
38061.00,1109.74,4417.70,3819.15
38068.00,1108.03,4357.50,3822.33
38075.00,1141.80,4465.60,4007.60
38082.00,1139.33,4489.70,4013.53
38089.00,1134.57,4537.30,4033.98
38096.00,1140.60,4570.00,4103.62
38103.00,1107.24,4489.70,3985.21
38110.00,1098.69,4498.40,3895.64
38117.00,1095.66,4441.80,3803.10
38124.00,1093.59,4431.40,3831.84
38131.00,1120.64,4430.70,3902.72
38138.00,1122.51,4454.40,3961.93
38145.00,1136.47,4484.00,4014.56
38152.00,1135.00,4505.80,3999.79
38159.00,1134.32,4494.10,4013.35
38166.00,1125.38,4407.40,3998.77
38173.00,1112.81,4393.20,3924.49
38180.00,1101.40,4339.20,3845.93
38187.00,1086.20,4326.30,3797.33
38194.00,1101.72,4413.10,3895.61
38201.00,1063.97,4337.90,3727.74
38208.00,1064.80,4301.50,3646.99
38215.00,1098.35,4369.20,3712.61
38222.00,1107.77,4490.10,3851.18
38229.00,1113.63,4550.80,3866.99
38236.00,1123.92,4545.00,3886.03
38243.00,1128.55,4591.00,3988.07
38250.00,1110.11,4578.10,3910.30
38257.00,1131.50,4659.60,3994.96
38264.00,1122.14,4698.90,4015.54
38271.00,1108.20,4622.70,3922.11
38278.00,1095.74,4615.40,3935.14
38285.00,1130.20,4624.20,3960.25
38292.00,1166.17,4739.80,4063.58
38299.00,1184.17,4793.90,4143.35
38306.00,1170.34,4760.80,4134.89
38313.00,1182.65,4741.50,4154.27
38320.00,1191.17,4747.90,4208.87
38327.00,1188.00,4694.00,4174.55
38334.00,1194.22,4696.80,4182.27
38341.00,1210.13,4798.10,4251.62
38348.00,1211.92,4814.30,4256.08
38355.00,1186.19,4854.10,4316.40
38362.00,1184.52,4820.80,4232.36
38369.00,1167.87,4803.30,4213.70
38376.00,1171.36,4832.80,4201.81
38383.00,1203.03,4941.50,4339.28
38390.00,1205.30,5044.20,4387.80
38397.00,1201.59,5057.20,4359.47
38404.00,1211.37,5006.80,4348.64
38411.00,1222.12,5036.30,4423.52
38418.00,1200.08,4982.00,4360.49
38425.00,1189.65,4923.30,4327.18
38432.00,1171.42,4922.50,4343.60
38439.00,1172.92,4914.00,4373.53
38446.00,1181.20,4983.60,4400.68
38453.00,1142.62,4891.60,4312.25
38460.00,1152.12,4849.30,4223.04
38467.00,1156.85,4801.70,4184.84
38474.00,1171.35,4918.90,4311.06
38481.00,1154.05,4886.50,4275.70
38488.00,1189.28,4971.80,4360.68
38495.00,1198.78,4986.30,4444.71
38502.00,1196.02,4999.40,4510.39
38509.00,1198.11,5030.40,4586.10
38516.00,1216.96,5077.60,4604.57
38523.00,1191.57,5079.00,4566.48
38530.00,1194.44,5161.00,4617.07
38537.00,1211.86,5232.20,4597.97
38544.00,1227.92,5230.80,4712.90
38551.00,1233.68,5241.80,4836.90
38558.00,1234.18,5282.30,4886.50
38565.00,1226.42,5314.70,4827.18
38572.00,1230.39,5345.80,4937.33
38579.00,1219.71,5312.60,4929.91
38586.00,1205.10,5228.10,4783.80
38593.00,1218.02,5326.80,4837.81
38600.00,1241.48,5359.30,5005.93
38607.00,1237.91,5407.90,4986.50
38614.00,1215.29,5413.60,4882.58
38621.00,1228.81,5477.70,5044.12
38628.00,1195.90,5362.30,5007.77
38635.00,1186.57,5275.00,4975.56
38642.00,1179.59,5142.10,4838.40
38649.00,1198.41,5213.40,4825.64
38656.00,1220.14,5423.60,4995.24
38663.00,1234.72,5465.10,5090.75
38670.00,1248.27,5498.90,5123.50
38677.00,1268.25,5523.80,5194.27
38684.00,1265.08,5528.10,5307.99
38691.00,1259.37,5517.40,5282.13
38698.00,1267.32,5531.60,5353.66
38705.00,1268.66,5595.40,5419.05
38712.00,1248.29,5618.80,5408.26
38719.00,1285.45,5731.80,5536.32
38726.00,1287.61,5711.00,5483.09
38733.00,1261.49,5672.40,5349.02
38740.00,1283.72,5786.80,5647.42
38747.00,1264.03,5759.30,5657.12
38754.00,1266.99,5764.10,5701.47
38761.00,1287.24,5846.20,5795.48
38768.00,1289.43,5860.50,5870.79
38775.00,1287.23,5858.70,5721.46
38782.00,1281.58,5907.90,5804.92
38789.00,1307.25,5999.40,5882.38
38796.00,1302.95,6036.30,5973.14
38803.00,1294.82,5964.60,5970.08
38810.00,1295.50,6026.10,5952.92
38817.00,1289.12,6029.40,5918.57
38824.00,1311.28,6132.70,6094.75
38831.00,1310.61,6023.10,6009.89
38838.00,1325.76,6091.70,6113.29
38845.00,1291.24,5912.10,5916.28
38852.00,1267.03,5657.40,5672.28
38859.00,1280.16,5791.00,5788.36
38866.00,1288.22,5764.60,5687.04
38873.00,1252.30,5655.20,5464.08
38880.00,1251.54,5597.40,5376.01
38887.00,1244.50,5692.10,5529.74
38894.00,1270.20,5833.40,5683.31
38901.00,1265.48,5888.90,5681.85
38908.00,1236.19,5707.60,5422.22
38915.00,1240.29,5719.70,5451.01
38922.00,1278.55,5974.90,5705.42
38929.00,1279.36,5889.40,5723.03
38936.00,1266.74,5820.10,5628.37
38943.00,1302.30,5903.40,5817.02
38950.00,1295.09,5878.60,5811.47
38957.00,1311.01,5949.10,5876.54
38964.00,1298.92,5879.30,5795.26
38971.00,1319.87,5877.00,5937.87
38978.00,1314.78,5822.30,5883.32
38985.00,1335.85,5960.80,6004.33
38992.00,1349.58,6001.20,6085.82
38999.00,1365.62,6157.30,6173.68
39006.00,1368.60,6155.20,6202.82
39013.00,1377.34,6160.90,6262.54
39020.00,1364.30,6148.10,6241.15
39027.00,1380.90,6208.40,6357.77
39034.00,1401.20,6192.00,6412.36
39041.00,1400.95,6122.10,6411.96
39048.00,1396.71,6021.50,6241.13
39055.00,1409.84,6152.40,6427.41
39062.00,1427.09,6260.00,6588.83
39069.00,1410.76,6190.00,6503.13
39076.00,1418.30,6220.80,6596.92
39083.00,1409.71,6220.10,6593.09
39090.00,1430.73,6239.00,6705.17
39097.00,1430.50,6237.20,6747.17
39104.00,1422.18,6228.00,6690.34
39111.00,1448.39,6310.90,6885.76
39118.00,1438.06,6382.80,6911.11
39125.00,1455.54,6419.50,6957.07
39132.00,1451.19,6401.50,6992.58
39139.00,1387.17,6116.20,6603.32
39146.00,1402.85,6245.20,6716.52
39153.00,1386.95,6130.60,6579.87
39160.00,1436.11,6339.40,6899.06
39167.00,1420.86,6308.00,6917.03
39174.00,1443.76,6397.30,7099.91
39181.00,1452.85,6462.40,7212.07
39188.00,1484.35,6486.80,7342.54
39195.00,1494.07,6418.70,7378.12
39202.00,1505.62,6603.70,7516.76
39209.00,1505.85,6565.70,7479.34
39216.00,1522.75,6640.90,7607.54
39223.00,1515.73,6570.50,7739.20
39230.00,1536.34,6676.70,7987.85
39237.00,1507.67,6505.10,7590.50
39244.00,1532.91,6732.40,8030.64
39251.00,1502.56,6567.40,7949.63
39258.00,1503.35,6607.90,8007.32
39265.00,1530.44,6690.10,8048.32
39272.00,1552.50,6716.70,8092.77
39279.00,1534.10,6585.20,7874.85
39286.00,1458.95,6215.20,7451.68
39293.00,1433.06,6224.30,7435.67
39300.00,1453.64,6038.30,7343.26
39307.00,1445.94,6064.20,7378.29
39314.00,1479.37,6220.10,7507.27
39321.00,1473.99,6303.30,7638.17
39328.00,1453.55,6191.20,7436.63
39335.00,1484.25,6289.30,7497.74
39342.00,1525.75,6456.70,7794.43
39349.00,1526.75,6466.80,7861.51
39356.00,1557.59,6595.80,8002.18
39363.00,1561.80,6730.70,8041.26
39370.00,1500.63,6527.90,7884.12
39377.00,1535.28,6661.30,7949.17
39384.00,1509.65,6530.60,7849.49
39391.00,1453.70,6304.90,7812.40
39398.00,1458.74,6291.20,7612.26
39405.00,1440.70,6262.10,7608.96
39412.00,1481.14,6432.50,7870.52
39419.00,1504.66,6554.90,7994.07
39426.00,1467.95,6397.00,7948.36
39433.00,1484.46,6434.10,8002.67
39440.00,1478.49,6476.90,8067.32
39447.00,1411.63,6348.50,7808.69
39454.00,1401.02,6202.00,7717.95
39461.00,1325.19,5901.70,7314.17
39468.00,1330.61,5869.00,6816.74
39475.00,1395.42,6029.20,6968.67
39482.00,1331.29,5784.00,6767.28
39489.00,1349.99,5787.60,6832.43
39496.00,1353.11,5888.50,6806.29
39503.00,1330.63,5884.30,6748.13
39510.00,1293.37,5699.90,6513.99
39517.00,1288.14,5631.70,6451.90
39524.00,1329.51,5495.20,6319.99
39531.00,1315.22,5692.90,6559.90
39538.00,1370.40,5947.10,6763.39
39545.00,1332.83,5895.50,6603.57
39552.00,1390.33,6056.50,6843.08
39559.00,1397.84,6091.40,6896.58
39566.00,1413.90,6215.50,7043.23
39573.00,1388.28,6204.70,7003.17
39580.00,1425.35,6304.30,7156.55
39587.00,1375.93,6087.30,6944.05
39594.00,1400.38,6053.50,7096.79
39601.00,1360.68,5906.80,6803.81
39608.00,1360.03,5802.80,6765.32
39615.00,1317.93,5620.80,6578.44
39622.00,1278.38,5529.90,6421.91
39629.00,1262.90,5412.80,6272.21
39636.00,1239.49,5261.60,6153.30
39643.00,1260.68,5376.40,6382.65
39650.00,1257.76,5352.60,6436.71
39657.00,1260.31,5354.70,6396.46
39664.00,1296.31,5489.20,6561.65
39671.00,1298.20,5454.80,6446.02
39678.00,1292.20,5505.60,6342.42
39685.00,1282.83,5636.60,6422.30
39692.00,1242.31,5240.70,6127.44
39699.00,1251.70,5416.70,6234.89
39706.00,1255.08,5311.30,6189.53
39713.00,1213.01,5088.47,6063.50
39720.00,1099.23,4980.25,5797.03
39727.00,899.22,3932.06,4544.31
39734.00,940.55,4063.01,4781.33
39741.00,876.77,3883.36,4295.67
39748.00,968.75,4377.34,4987.97
39755.00,930.99,4364.96,4938.46
39762.00,873.29,4232.97,4710.24
39769.00,800.03,3780.96,4127.41
39776.00,896.24,4288.01,4669.44
39783.00,876.07,4049.37,4381.47
39790.00,879.73,4280.35,4663.37
39797.00,887.88,4286.93,4696.70
39804.00,872.80,4216.59,4629.38
39811.00,931.80,4561.79,4973.07
39818.00,890.35,4448.54,4783.89
39825.00,850.12,4147.06,4366.28
39832.00,831.95,4052.47,4178.94
39839.00,825.88,4149.64,4338.35
39846.00,868.60,4291.87,4644.63
39853.00,826.84,4189.59,4413.39
39860.00,770.05,3889.06,4014.66
39867.00,735.09,3830.09,3843.74
39874.00,683.38,3530.73,3666.41
39881.00,756.55,3753.68,3953.60
39888.00,768.54,3842.85,4068.74
39895.00,815.94,3898.85,4203.55
39902.00,842.50,4029.67,4384.99
39909.00,856.56,3983.71,4491.12
39916.00,869.60,4092.80,4676.84
39923.00,866.23,4155.99,4674.32
39930.00,877.52,4243.22,4769.45
39937.00,929.23,4462.09,4913.90
39944.00,882.88,4348.11,4737.50
39951.00,887.00,4365.29,4918.75
39958.00,919.14,4417.94,4940.82
39965.00,940.09,4438.56,5077.03
39972.00,946.21,4441.95,5069.24
39979.00,921.23,4345.93,4839.46
39986.00,918.90,4241.01,4776.47
39993.00,896.42,4236.28,4708.21
40000.00,879.13,4127.17,4576.31
40007.00,940.38,4388.75,4978.40
40014.00,979.26,4576.61,5229.36
40021.00,987.48,4608.36,5332.14
40028.00,1010.48,4731.56,5458.96
40035.00,1004.09,4713.97,5309.11
40042.00,1026.13,4850.89,5462.74
40049.00,1028.93,4908.90,5517.35
40056.00,1016.40,4851.70,5384.43
40063.00,1042.73,5011.47,5624.02
40070.00,1068.30,5172.89,5703.83
40077.00,1044.38,5082.20,5581.41
40084.00,1025.21,4988.70,5467.90
40091.00,1071.49,5161.87,5711.88
40098.00,1087.68,5190.24,5743.39
40105.00,1079.60,5242.57,5740.25
40112.00,1036.19,5044.55,5414.96
40119.00,1069.30,5142.72,5488.25
40126.00,1093.48,5296.38,5686.83
40133.00,1091.38,5251.41,5663.15
40140.00,1091.49,5245.73,5685.61
40147.00,1105.98,5322.36,5817.65
40154.00,1106.41,5261.57,5756.29
40161.00,1102.47,5196.81,5831.21
40168.00,1126.48,5402.41,5957.44
40175.00,1115.10,5412.88,5957.43
40182.00,1144.98,5534.24,6037.61
40189.00,1136.03,5455.37,5875.97
40196.00,1091.76,5302.99,5695.32
40203.00,1073.87,5188.52,5608.79
40210.00,1066.19,5060.92,5434.34
40217.00,1075.51,5142.45,5500.39
40224.00,1109.17,5358.17,5722.05
40231.00,1104.49,5354.52,5598.46
40238.00,1138.69,5599.76,5877.36
40245.00,1149.99,5625.65,5945.11
40252.00,1159.90,5650.12,5982.43
40259.00,1166.59,5703.02,6120.05
40266.00,1178.10,5744.89,6235.56
40273.00,1194.37,5770.98,6249.70
40280.00,1192.13,5743.96,6180.90
40287.00,1217.28,5723.65,6259.53
40294.00,1186.68,5553.29,6135.70
40301.00,1110.88,5123.02,5715.09
40308.00,1135.68,5262.85,6056.71
40315.00,1087.69,5062.93,5829.25
40322.00,1089.41,5188.43,5946.18
40329.00,1064.88,5126.00,5938.88
40336.00,1091.60,5163.68,6047.83
40343.00,1117.51,5250.84,6216.98
40350.00,1076.76,5046.47,6070.60
40357.00,1022.58,4838.09,5834.15
40364.00,1077.96,5132.94,6065.24
40371.00,1064.88,5158.85,6040.27
40378.00,1102.66,5312.62,6166.34
40385.00,1101.60,5258.02,6147.97
40392.00,1121.64,5332.39,6259.63
40399.00,1079.25,5275.44,6110.41
40406.00,1071.69,5195.28,6005.16
40413.00,1064.59,5201.56,5951.17
40420.00,1104.51,5428.15,6134.62
40427.00,1109.55,5501.64,6214.77
40434.00,1125.59,5508.45,6209.76
40441.00,1148.67,5598.48,6298.30
40448.00,1146.24,5592.90,6211.34
40455.00,1165.15,5657.61,6291.67
40462.00,1176.19,5703.37,6492.30
40469.00,1183.08,5741.37,6605.84
40476.00,1183.26,5675.16,6601.37
40483.00,1225.85,5875.35,6754.20
40490.00,1199.21,5796.87,6734.61
40497.00,1199.73,5732.83,6843.55
40504.00,1189.40,5668.70,6848.98
40511.00,1224.71,5745.32,6947.72
40518.00,1240.40,5812.95,7006.17
40525.00,1243.91,5871.75,6982.45
40532.00,1256.77,6008.92,7057.69
40539.00,1257.64,5899.94,6914.19
40546.00,1271.50,5984.33,6947.84
40553.00,1293.24,6002.07,7075.70
40560.00,1283.35,5896.25,7062.42
40567.00,1276.34,5881.37,7102.80
40574.00,1310.87,5997.38,7216.21
40581.00,1329.15,6062.90,7371.20
40588.00,1343.01,6082.99,7426.81
40595.00,1319.88,6001.20,7185.17
40602.00,1321.15,5990.39,7178.90
40609.00,1304.28,5828.67,6981.49
40616.00,1279.20,5718.13,6664.40
40623.00,1313.80,5900.76,6946.36
40630.00,1332.41,6009.92,7179.81
40637.00,1328.17,6055.75,7217.02
40644.00,1319.68,5996.01,7178.29
40651.00,1337.38,6018.30,7295.49
40658.00,1363.61,6069.90,7514.46
40665.00,1340.20,5976.77,7492.25
40672.00,1337.77,5925.87,7403.31
40679.00,1333.27,5948.49,7266.82
40686.00,1331.10,5938.87,7163.47
40693.00,1300.16,5855.01,7109.03
40700.00,1270.98,5765.80,7069.90
40707.00,1271.50,5714.94,7164.05
40714.00,1268.45,5697.72,7121.38
40721.00,1339.67,5989.76,7419.44
40728.00,1343.80,5990.58,7402.73
40735.00,1316.14,5843.66,7220.12
40742.00,1345.02,5935.02,7326.39
40749.00,1292.28,5815.19,7158.77
40756.00,1199.38,5246.99,6236.16
40763.00,1178.81,5320.03,5997.74
40770.00,1123.53,5040.76,5480.00
40777.00,1176.80,5129.92,5537.48
40784.00,1173.97,5292.03,5538.33
40791.00,1154.23,5214.65,5189.93
40798.00,1216.01,5368.41,5573.51
40805.00,1136.43,5066.81,5196.56
40812.00,1131.42,5128.48,5502.02
40819.00,1155.46,5303.40,5675.70
40826.00,1224.58,5466.36,5967.20
40833.00,1238.25,5488.65,5970.96
40840.00,1285.09,5702.24,6346.19
40847.00,1253.23,5527.16,5966.16
40854.00,1263.85,5545.38,6057.03
40861.00,1215.65,5362.94,5800.24
40868.00,1158.67,5164.65,5492.87
40875.00,1244.28,5552.29,6080.68
40882.00,1255.19,5529.21,5986.71
40889.00,1219.66,5387.34,5701.78
40896.00,1265.33,5512.70,5878.93
40903.00,1257.60,5572.28,5898.35
40910.00,1277.81,5649.68,6057.92
40917.00,1289.09,5636.64,6143.08
40924.00,1315.38,5728.55,6404.39
40931.00,1316.33,5733.45,6511.98
40938.00,1344.90,5901.07,6766.67
40945.00,1342.64,5852.39,6692.96
40952.00,1361.23,5905.07,6848.03
40959.00,1365.74,5935.13,6864.43
40966.00,1369.63,5911.13,6921.37
40973.00,1370.87,5887.49,6880.21
40980.00,1404.17,5965.58,7157.82
40987.00,1397.11,5854.89,6995.62
40994.00,1408.47,5768.45,6946.83
41001.00,1398.08,5723.67,6775.26
41008.00,1370.26,5651.79,6583.90
41015.00,1378.53,5772.15,6750.12
41022.00,1403.36,5777.11,6801.32
41029.00,1369.10,5655.06,6561.47
41036.00,1353.39,5575.52,6579.93
41043.00,1295.22,5267.62,6271.22
41050.00,1317.82,5351.53,6339.94
41057.00,1278.04,5260.19,6050.29
41064.00,1325.66,5435.08,6130.82
41071.00,1342.84,5478.81,6229.41
41078.00,1335.02,5513.69,6263.25
41085.00,1362.16,5571.15,6416.28
41092.00,1354.68,5662.63,6410.11
41099.00,1356.78,5666.13,6557.10
41106.00,1362.66,5651.77,6630.02
41113.00,1385.97,5627.21,6689.40
41120.00,1390.99,5787.28,6865.66
41127.00,1405.87,5847.11,6944.56
41134.00,1418.16,5852.42,7040.88
41141.00,1411.13,5776.60,6971.07
41148.00,1406.58,5711.48,6970.79
41155.00,1437.92,5794.80,7214.50
41162.00,1465.77,5915.55,7412.13
41169.00,1460.15,5852.62,7451.62
41176.00,1440.67,5742.07,7216.15
41183.00,1460.93,5871.02,7397.87
41190.00,1428.59,5793.32,7232.49
41197.00,1433.19,5896.15,7380.64
41204.00,1411.94,5806.71,7231.85
41211.00,1414.20,5868.55,7363.85
41218.00,1379.85,5769.68,7163.50
41225.00,1359.88,5605.59,6950.53
41232.00,1409.15,5819.14,7309.13
41239.00,1416.18,5866.82,7405.50
41246.00,1418.07,5914.40,7517.80
41253.00,1413.58,5921.76,7596.47
41260.00,1430.15,5939.99,7636.23
41267.00,1402.43,5925.37,7612.39
41274.00,1466.47,6089.84,7776.37
41281.00,1472.05,6121.58,7715.53
41288.00,1485.98,6154.41,7702.23
41295.00,1502.96,6284.45,7857.97
41302.00,1513.17,6347.24,7833.39
41309.00,1517.93,6263.93,7652.14
41316.00,1519.79,6328.26,7593.51
41323.00,1515.60,6335.70,7661.91
41330.00,1518.20,6378.60,7708.16
41337.00,1551.18,6483.58,7986.47
41344.00,1560.70,6489.65,8042.85
41351.00,1556.89,6392.76,7911.35
41358.00,1569.19,6411.74,7795.31
41365.00,1553.28,6249.78,7658.75
41372.00,1588.85,6384.39,7744.77
41379.00,1555.25,6286.59,7459.96
41386.00,1582.24,6426.42,7814.76
41393.00,1614.42,6521.46,8122.29
41400.00,1633.70,6624.98,8278.59
41407.00,1667.47,6723.06,8398.00
41414.00,1649.60,6654.34,8305.32
41421.00,1630.74,6583.09,8348.84
41428.00,1643.38,6411.99,8254.68
41435.00,1626.73,6308.26,8127.96
41442.00,1592.43,6116.17,7789.24
41449.00,1606.28,6215.47,7959.22
41456.00,1631.89,6375.52,7806.00
41463.00,1680.19,6544.94,8212.77
41470.00,1692.09,6630.67,8331.57
41477.00,1691.65,6554.79,8244.91
41484.00,1709.67,6647.87,8406.94
41491.00,1691.42,6583.39,8338.31
41498.00,1655.83,6499.99,8391.94
41505.00,1663.50,6492.10,8416.99
41512.00,1632.97,6412.93,8103.15
41519.00,1655.17,6547.33,8275.67
41526.00,1687.99,6583.80,8509.42
41533.00,1709.91,6596.43,8675.73
41540.00,1691.75,6512.66,8661.51
41547.00,1690.50,6453.88,8622.97
41554.00,1703.20,6487.19,8724.83
41561.00,1744.50,6622.58,8865.10
41568.00,1759.77,6721.34,8985.74
41575.00,1761.64,6734.74,9007.83
41582.00,1770.61,6708.42,9078.28
41589.00,1798.18,6693.44,9168.69
41596.00,1804.76,6674.30,9219.04
41603.00,1805.81,6650.57,9405.30
41610.00,1805.09,6551.99,9172.41
41617.00,1775.32,6439.96,9006.46
41624.00,1818.32,6606.58,9400.18
41631.00,1841.40,6750.87,9589.39
41638.00,1831.37,6730.67,9435.15
41645.00,1842.37,6739.94,9473.24
41652.00,1838.70,6829.30,9742.96
41659.00,1790.29,6663.74,9392.02
41666.00,1782.59,6510.44,9306.48
41673.00,1797.02,6571.68,9301.92
41680.00,1838.63,6663.62,9662.40
41687.00,1836.25,6838.06,9656.95
41694.00,1859.45,6809.70,9692.08
41701.00,1878.04,6712.67,9350.75
41708.00,1841.13,6527.89,9056.41
41715.00,1866.52,6557.17,9342.94
41722.00,1857.62,6615.58,9587.19
41729.00,1865.09,6695.55,9695.77
41736.00,1815.69,6561.70,9315.29
41743.00,1864.85,6625.25,9409.71
41750.00,1863.40,6685.69,9401.55
41757.00,1881.14,6822.42,9556.02
41764.00,1878.48,6814.57,9581.45
41771.00,1877.86,6855.81,9629.10
41778.00,1900.53,6815.75,9768.01
41785.00,1923.57,6844.51,9943.27
41792.00,1949.44,6858.21,9987.19
41799.00,1936.16,6777.85,9912.87
41806.00,1962.87,6825.20,9987.24
41813.00,1960.96,6757.77,9815.17
41820.00,1985.44,6866.05,10009.08
41827.00,1967.57,6690.17,9666.34
41834.00,1978.22,6749.45,9720.02
41841.00,1978.34,6791.55,9644.01
41848.00,1925.15,6679.18,9210.08
41855.00,1931.59,6567.36,9009.32
41862.00,1955.06,6689.08,9092.60
41869.00,1988.40,6775.25,9339.17
41876.00,2003.37,6819.75,9470.17
41883.00,2007.71,6855.10,9747.02
41890.00,1985.54,6806.96,9651.13
41897.00,2010.40,6837.92,9799.26
41904.00,1982.85,6649.39,9490.55
41911.00,1967.90,6527.91,9195.68
41918.00,1906.13,6339.97,8788.81
41925.00,1886.76,6310.29,8850.27
41932.00,1964.58,6388.73,8987.80
41939.00,2018.05,6546.47,9326.87
41946.00,2031.92,6567.24,9291.83
41953.00,2039.82,6654.37,9252.94
41960.00,2063.50,6750.76,9732.55
41967.00,2067.56,6722.62,9980.85
41974.00,2075.37,6742.84,10087.12
41981.00,2002.33,6300.63,9594.73
41988.00,2070.65,6545.27,9786.96
41995.00,2088.77,6609.93,9922.11
42002.00,2058.20,6547.80,9764.73
42009.00,2044.81,6501.14,9648.50
42016.00,2019.42,6550.27,10167.77
42023.00,2051.82,6832.83,10649.58
42030.00,1994.99,6749.40,10694.32
42037.00,2055.47,6853.44,10846.39
42044.00,2096.99,6873.52,10963.40
42051.00,2110.30,6915.20,11050.64
42058.00,2104.50,6946.66,11401.66
42065.00,2071.26,6911.80,11550.97
42072.00,2053.40,6740.58,11901.61
42079.00,2108.10,7022.51,12039.37
42086.00,2061.02,6855.02,11868.33
42093.00,2066.96,6833.46,11967.39
42100.00,2102.06,7089.77,12374.73
42107.00,2081.18,6994.63,11688.70
42114.00,2117.69,7070.70,11810.85
42121.00,2108.29,6985.95,11454.38
42128.00,2116.10,7046.82,11709.73
42135.00,2122.73,6960.49,11447.03
42142.00,2126.06,7031.72,11815.01
42149.00,2107.39,6984.43,11413.82
42156.00,2092.83,6804.60,11197.15
42163.00,2094.11,6784.92,11196.49
42170.00,2109.99,6710.45,11040.10
42177.00,2101.49,6753.70,11492.43
42184.00,2076.78,6585.78,11058.39
42191.00,2076.62,6673.38,11315.63
42198.00,2126.64,6775.08,11673.42
42205.00,2079.65,6579.81,11347.45
42212.00,2103.84,6696.28,11308.99
42219.00,2077.57,6718.49,11490.83
42226.00,2091.54,6550.74,10985.14
42233.00,1970.89,6187.65,10124.52
42240.00,1988.87,6247.94,10298.53
42247.00,1921.22,6042.92,10038.04
42254.00,1961.05,6117.76,10123.56
42261.00,1958.03,6104.11,9916.16
42268.00,1931.34,6109.01,9688.53
42275.00,1951.36,6129.98,9553.07
42282.00,2014.89,6416.16,10096.60
42289.00,2033.11,6378.04,10104.43
42296.00,2075.15,6444.08,10794.54
42303.00,2079.36,6361.09,10850.14
42310.00,2099.20,6353.83,10988.03
42317.00,2023.04,6118.28,10708.40
42324.00,2089.17,6334.63,11119.83
42331.00,2090.11,6375.15,11293.76
42338.00,2091.69,6238.29,10752.10
42345.00,2012.37,5952.78,10340.06
42352.00,2005.55,6052.42,10608.19
42359.00,2060.99,6254.64,10727.64
42366.00,2043.94,6242.32,10743.01
42373.00,1922.03,5912.44,9849.34
42380.00,1880.33,5804.10,9545.27
42387.00,1906.90,5900.01,9764.88
42394.00,1940.24,6083.79,9798.11
42401.00,1880.05,5848.06,9286.23
42408.00,1864.78,5707.60,8967.51
42415.00,1917.78,5950.23,9388.05
42422.00,1948.05,6096.01,9513.30
42429.00,1999.99,6199.43,9824.17
42436.00,2022.19,6139.79,9831.13
42443.00,2049.58,6189.64,9950.80
42450.00,2035.94,6106.48,9851.35
42457.00,2072.78,6146.05,9794.64
42464.00,2047.60,6204.41,9622.26
42471.00,2080.73,6343.75,10051.57
42478.00,2091.58,6310.44,10373.49
42485.00,2065.30,6241.89,10038.97
42492.00,2057.14,6125.70,9869.95
42499.00,2046.61,6138.50,9952.90
42506.00,2052.32,6156.32,9916.02
42513.00,2099.06,6270.79,10286.31
42520.00,2099.13,6209.63,10103.26
42527.00,2096.07,6115.76,9834.62
42534.00,2071.22,6021.09,9631.36
42541.00,2037.41,6138.69,9557.16
42548.00,2102.95,6577.83,9776.12
42555.00,2129.90,6590.64,9629.66
42562.00,2161.74,6669.24,10066.90
42569.00,2175.03,6730.48,10147.46
42576.00,2173.60,6724.43,10337.50
42583.00,2182.87,6793.47,10367.21
42590.00,2184.05,6916.02,10713.43
42597.00,2183.87,6858.95,10544.36
42604.00,2169.04,6838.05,10587.77
42611.00,2179.98,6894.60,10683.82
42618.00,2127.81,6776.95,10573.44
42625.00,2139.16,6710.28,10276.17
42632.00,2164.69,6909.43,10626.97
42639.00,2168.27,6899.33,10511.02
42646.00,2153.74,7044.39,10490.86
42653.00,2132.98,7013.55,10580.38
42660.00,2141.16,7020.47,10710.73
42667.00,2126.41,6996.26,10696.19
42674.00,2085.18,6693.26,10259.13
42681.00,2164.45,6730.43,10667.95
42688.00,2181.90,6775.77,10664.56
42695.00,2213.35,6840.75,10699.27
42702.00,2191.95,6730.72,10513.35
42709.00,2259.53,6954.21,11203.63
42716.00,2258.07,7011.64,11404.01
42723.00,2263.79,7068.17,11449.93
42730.00,2238.83,7142.83,11481.06
42737.00,2276.98,7210.05,11599.01
42744.00,2274.64,7337.81,11629.18
42751.00,2271.31,7198.44,11630.13
42758.00,2294.69,7184.49,11814.27
42765.00,2297.42,7188.30,11651.49
42772.00,2316.10,7258.75,11666.97
42779.00,2351.16,7299.96,11757.02
42786.00,2367.34,7243.70,11804.03
42793.00,2383.12,7374.26,12027.36
42800.00,2372.60,7343.08,11963.18
42807.00,2378.25,7424.96,12095.24
42814.00,2343.98,7336.82,12064.27
42821.00,2362.72,7322.92,12312.87
42828.00,2355.54,7349.37,12225.06
42835.00,2328.95,7327.59,12109.00
42842.00,2348.69,7114.55,12048.57
42849.00,2384.20,7203.94,12438.01
42856.00,2399.29,7297.43,12716.89
42863.00,2390.90,7435.39,12770.41
42870.00,2381.73,7470.71,12638.69
42877.00,2415.82,7547.63,12602.18
42884.00,2439.07,7547.63,12822.94
42891.00,2431.77,7527.33,12815.72
42898.00,2433.15,7463.54,12752.73
42905.00,2438.30,7424.13,12733.41
42912.00,2423.41,7312.72,12325.12
42919.00,2425.18,7350.92,12388.68
42926.00,2459.27,7378.39,12631.72
42933.00,2472.54,7452.91,12240.06
42940.00,2472.10,7368.37,12162.70
42947.00,2476.83,7511.71,12297.72
42954.00,2441.32,7309.96,12014.06
42961.00,2425.55,7323.98,12165.19
42968.00,2443.05,7401.46,12167.94
42975.00,2476.55,7438.50,12142.64
42982.00,2461.43,7377.60,12303.98
42989.00,2500.23,7215.47,12518.81
42996.00,2502.22,7310.64,12592.35
43003.00,2519.36,7372.76,12828.86
43010.00,2549.33,7522.87,12955.94
43017.00,2553.17,7535.44,12991.87
43024.00,2575.21,7523.23,12991.28
43031.00,2581.07,7505.03,13217.54
43038.00,2587.84,7560.35,13478.86
43045.00,2582.30,7432.99,13127.47
43052.00,2578.85,7380.68,12993.73
43059.00,2602.42,7409.64,13059.84
43066.00,2642.22,7300.49,12861.49
43073.00,2651.50,7393.96,13153.70
43080.00,2675.81,7490.57,13103.56
43087.00,2683.34,7592.66,13072.79
43094.00,2673.61,7687.77,12917.64
43101.00,2743.15,7724.22,13319.64
43108.00,2786.24,7778.64,13245.03
43115.00,2810.30,7730.79,13434.45
43122.00,2872.87,7665.54,13340.17
43129.00,2762.13,7443.43,12785.16
43136.00,2619.55,7092.43,12107.48
43143.00,2732.22,7294.70,12451.96
43150.00,2747.30,7244.41,12483.79
43157.00,2691.25,7069.90,11913.71
43164.00,2786.57,7224.51,12346.68
43171.00,2752.01,7164.14,12389.58
43178.00,2588.26,6921.94,11886.31
43185.00,2640.87,7056.61,12096.73
43192.00,2604.47,7183.64,12241.27
43199.00,2656.30,7264.56,12442.40
43206.00,2670.14,7368.17,12540.50
43213.00,2669.91,7502.21,12580.87
43220.00,2663.42,7567.14,12819.60
43227.00,2727.72,7724.55,13001.24
43234.00,2712.97,7778.79,13077.72
43241.00,2721.33,7730.28,12938.01
43248.00,2734.62,7701.77,12724.27
43255.00,2779.03,7681.07,12766.55
43262.00,2779.66,7633.91,13010.55
43269.00,2754.88,7682.27,12579.72
43276.00,2718.37,7636.93,12306.00
43283.00,2759.82,7617.70,12496.17
43290.00,2801.31,7661.87,12540.73
43297.00,2801.83,7678.79,12561.42
43304.00,2818.82,7701.31,12860.40
43311.00,2840.35,7659.10,12615.76
43318.00,2833.28,7667.01,12424.35
43325.00,2850.13,7558.59,12210.55
43332.00,2874.69,7577.49,12394.52
43339.00,2901.52,7432.42,12364.06
43346.00,2871.68,7277.70,11959.63
43353.00,2904.98,7304.04,12124.33
43360.00,2929.67,7490.23,12430.88
43367.00,2913.98,7510.20,12246.73
43374.00,2885.57,7318.54,12111.90
43381.00,2767.13,6995.91,11523.81
43388.00,2767.78,7049.80,11553.83
43395.00,2658.69,6939.56,11200.62
43402.00,2723.06,7094.12,11518.99
43409.00,2781.01,7105.34,11529.16
43416.00,2736.27,7013.88,11341.00
43423.00,2632.56,6952.86,11192.69
43430.00,2760.17,6980.24,11257.24
43437.00,2633.08,6778.11,10788.09
43444.00,2599.95,6845.17,10865.77
43451.00,2416.62,6721.17,10633.82
43458.00,2485.74,6733.97,10558.96
43465.00,2531.94,6837.42,10767.69
43472.00,2596.26,6918.18,10887.46
43479.00,2670.71,6968.33,11205.54
43486.00,2664.76,6809.22,11281.79
43493.00,2706.53,7020.22,11180.66
43500.00,2707.88,7071.18,10906.78
43507.00,2775.60,7236.68,11299.80
43514.00,2792.67,7178.60,11457.70
43521.00,2803.69,7106.73,11601.68
43528.00,2743.07,7104.31,11457.84
43535.00,2822.48,7228.28,11685.69
43542.00,2800.71,7207.59,11364.17
43549.00,2834.40,7279.19,11526.04
43556.00,2892.74,7446.87,12009.75
43563.00,2907.41,7437.06,11999.93
43570.00,2905.03,7459.88,12222.39
43577.00,2939.88,7428.19,12315.18
43584.00,2945.64,7380.64,12412.75
43591.00,2881.40,7203.29,12059.83
43598.00,2859.53,7348.62,12238.94
43605.00,2826.06,7277.73,12011.04
43612.00,2752.06,7161.71,11726.84
43619.00,2873.34,7331.94,12045.38
43626.00,2886.98,7345.78,12096.40
43633.00,2950.46,7407.50,12339.92
43640.00,2941.76,7425.63,12398.80
43647.00,2990.41,7553.14,12568.53
43654.00,3013.77,7505.97,12323.32
43661.00,2976.61,7508.70,12260.07
43668.00,3025.86,7549.06,12419.90
43675.00,2932.05,7407.06,11872.44
43682.00,2918.65,7253.85,11693.80
43689.00,2888.68,7117.15,11562.74
43696.00,2847.11,7094.98,11611.51
43703.00,2926.46,7207.18,11939.28
43710.00,2978.71,7282.34,12191.73
43717.00,3007.39,7367.46,12468.53
43724.00,2992.07,7344.92,12468.01
43731.00,2961.79,7426.21,12380.94
43738.00,2952.01,7155.38,12012.81
43745.00,2970.27,7247.08,12511.65
43752.00,2986.20,7150.57,12633.60
43759.00,3022.55,7324.47,12894.51
43766.00,3066.91,7302.42,12961.05
43773.00,3093.08,7359.38,13228.56
43780.00,3120.46,7302.94,13241.75
43787.00,3110.29,7326.81,13163.88
43794.00,3140.98,7346.53,13236.38
43801.00,3145.91,7239.66,13166.58
43808.00,3168.80,7353.44,13282.72
43815.00,3221.22,7582.48,13318.90
43822.00,3240.02,7644.90,13337.11
43829.00,3234.85,7622.40,13219.14
43836.00,3265.35,7587.85,13483.31
43843.00,3329.62,7674.56,13526.13
43850.00,3295.47,7585.98,13576.68
43857.00,3225.52,7286.01,12981.97
43864.00,3327.71,7466.70,13513.81
43871.00,3380.16,7409.13,13744.21
43878.00,3337.75,7403.92,13579.33
43885.00,2954.22,6580.61,11890.35
43892.00,2972.37,6462.55,11541.87
43899.00,2711.02,5366.11,9232.08
43906.00,2304.92,5190.78,8928.95
43913.00,2541.47,5510.33,9632.52
43920.00,2488.65,5415.50,9525.77
43927.00,2789.82,5842.66,10564.74
43934.00,2874.56,5786.96,10625.78
43941.00,2836.74,5752.23,10336.09
43948.00,2830.71,5763.06,10861.64
43955.00,2929.80,5935.98,10904.48
43962.00,2863.70,5799.77,10465.17
43969.00,2955.45,5993.28,11073.87
43976.00,3044.31,6076.60,11586.85
43983.00,3193.93,6484.30,12847.68
43990.00,3041.31,6105.18,11949.28
43997.00,3097.74,6292.60,12330.76
44004.00,3009.05,6159.30,12089.39
44011.00,3130.01,6157.30,12528.18
44018.00,3185.04,6095.41,12633.71
44025.00,3224.73,6290.30,12919.61
44032.00,3215.63,6123.82,12838.06
44039.00,3271.12,5897.76,12313.36
44046.00,3351.28,6032.18,12674.88
44053.00,3372.85,6090.04,12901.34
44060.00,3397.16,6001.89,12764.80
44067.00,3508.01,5963.57,13033.20
44074.00,3426.96,5799.08,12842.66
44081.00,3340.97,6032.09,13202.84
44088.00,3319.47,6007.05,13116.25
44095.00,3298.46,5842.67,12469.20
44102.00,3348.44,5902.12,12689.04
44109.00,3477.13,6016.65,13051.23
44116.00,3483.81,5919.58,12908.99
44123.00,3465.39,5860.28,12645.75
44130.00,3269.96,5577.27,11556.48
44137.00,3509.44,5910.02,12480.02
44144.00,3585.15,6316.39,13076.72
44151.00,3557.54,6351.45,13137.25
44158.00,3638.35,6367.58,13335.68
44165.00,3699.12,6550.23,13298.96
44172.00,3663.46,6546.75,13114.30
44179.00,3709.41,6529.18,13630.51
44186.00,3703.06,6502.11,13587.23
44193.00,3756.07,6460.52,13718.78
44200.00,3824.68,6873.26,14049.53
44207.00,3768.25,6735.71,13787.73
44214.00,3841.47,6695.07,13873.97
44221.00,3714.24,6407.46,13432.87
44228.00,3886.83,6489.33,14056.72
44235.00,3934.83,6589.79,14049.89
44242.00,3906.71,6624.02,13993.23
44249.00,3811.15,6483.43,13786.29
44256.00,3841.94,6630.52,13920.69
44263.00,3943.34,6761.47,14502.39
44270.00,3913.10,6708.71,14621.00
44277.00,3974.54,6740.59,14748.94
44284.00,4019.87,6737.30,15107.17
44291.00,4128.80,6915.75,15234.16
44298.00,4185.47,7019.53,15459.75
44305.00,4180.17,6938.56,15279.62
44312.00,4181.17,6969.81,15135.91
44319.00,4232.60,7129.71,15399.65
44326.00,4173.85,7043.61,15416.64
44333.00,4155.87,7018.15,15437.51
44340.00,4204.12,7022.71,15519.98
44347.00,4229.88,7069.05,15692.90
44354.00,4247.45,7134.07,15693.27
44361.00,4166.46,7017.48,15448.04
44368.00,4280.69,7136.08,15607.97
44375.00,4352.33,7123.28,15650.09
44382.00,4369.54,7121.88,15687.93
44389.00,4327.15,7008.10,15540.31
44396.00,4411.80,7027.59,15669.29
44403.00,4395.27,7032.31,15544.39
44410.00,4436.51,7122.96,15761.45
44417.00,4467.99,7218.70,15977.44
44424.00,4441.67,7087.91,15808.04
44431.00,4509.38,7148.02,15851.75
44438.00,4535.42,7138.36,15781.20
44445.00,4458.57,7029.21,15609.81
44452.00,4432.98,6963.65,15490.17
44459.00,4455.47,7051.49,15531.75
44466.00,4357.05,7027.08,15156.44
44473.00,4391.35,7095.56,15206.14
44480.00,4471.38,7234.04,15587.36
44487.00,4544.91,7204.56,15542.98
44494.00,4605.39,7237.56,15688.77
44501.00,4697.54,7303.97,16054.36
44508.00,4682.86,7347.92,16094.07
44515.00,4697.95,7223.58,16159.97
44522.00,4594.61,7044.04,15257.04
44529.00,4538.44,7122.33,15169.98
44536.00,4712.01,7291.77,15623.31
44543.00,4620.65,7269.93,15531.69
44550.00,4725.78,7372.11,15756.31
44557.00,4766.19,7384.55,15884.86
44564.00,4677.04,7485.28,15947.74
44571.00,4662.84,7542.96,15883.24
44578.00,4397.95,7494.14,15603.88
44585.00,4431.86,7466.06,15318.95
44592.00,4500.54,7516.41,15099.56
44599.00,4418.65,7661.03,15425.11
44606.00,4348.88,7513.63,15042.50
44613.00,4384.64,7489.47,14567.22
44620.00,4328.88,6987.15,13094.54
44627.00,4204.32,7155.63,13628.10
44634.00,4463.11,7404.74,14413.08
44641.00,4543.05,7483.34,14305.77
44648.00,4545.87,7537.91,14446.47
44655.00,4488.27,7669.56,14283.66
44662.00,4392.60,7616.37,14163.86
44669.00,4271.79,7521.68,14142.09
44676.00,4131.92,7544.56,14097.87
44683.00,4123.35,7387.95,13674.30
44690.00,4023.90,7418.16,14027.92
44697.00,3901.35,7389.99,13981.92
44704.00,4158.23,7585.47,14462.20
44711.00,4108.55,7532.96,14460.08
44718.00,3900.85,7317.53,13761.84
44725.00,3674.85,7016.26,13126.27
44732.00,3911.73,7208.80,13118.14
44739.00,3825.32,7168.64,12813.04
44746.00,3899.37,7196.25,13015.24
44753.00,3863.17,7159.02,12864.71
44760.00,3961.64,7276.38,13253.69
44767.00,4130.28,7423.42,13484.04
44774.00,4145.20,7439.75,13573.94
44781.00,4280.14,7500.90,13795.86
44788.00,4228.49,7550.38,13544.53
44795.00,4057.66,7427.32,12971.46
44802.00,3924.27,7281.18,13050.26
44809.00,4067.35,7351.08,13088.20
44816.00,3873.32,7236.69,12741.25
44823.00,3693.22,7018.61,12284.18
44830.00,3585.61,6893.82,12114.37
44837.00,3639.67,6991.10,12272.99
44844.00,3583.08,6858.80,12437.80
44851.00,3752.76,6969.72,12730.89
44858.00,3901.07,7047.68,13243.32
44865.00,3770.56,7334.85,13459.86
44872.00,3992.92,7318.03,14224.87
44879.00,3965.33,7385.53,14431.85
44886.00,4026.11,7486.68,14541.39
44893.00,4071.71,7556.22,14529.38
44900.00,3934.39,7476.64,14370.71
44907.00,3852.35,7332.13,13893.06
44914.00,3844.81,7473.02,13940.92
44921.00,3839.49,7451.74,13923.58
44928.00,3895.07,7699.50,14610.03
44935.00,3999.08,7844.08,15086.53
44942.00,3972.60,7770.58,15033.55
44949.00,4070.57,7765.14,15150.04
44956.00,4136.49,7901.81,15476.44
44963.00,4090.45,7882.44,15307.99
44970.00,4079.10,8004.37,15482.01
44977.00,3970.05,7878.67,15209.73
44984.00,4045.65,7947.10,15578.38
44991.00,3861.60,7748.34,15427.98
44998.00,3916.65,7335.41,14768.19
45005.00,3970.98,7405.44,14957.24
45012.00,4109.32,7631.75,15628.83
45019.00,4105.03,7741.57,15597.90
45026.00,4137.63,7871.90,15807.51
45033.00,4133.51,7914.14,15881.67
45040.00,4169.49,7870.57,15922.38
45047.00,4136.26,7778.37,15961.03
45054.00,4124.07,7754.63,15913.81
45061.00,4191.99,7756.88,16275.37
45068.00,4205.44,7627.21,15983.98
45075.00,4282.38,7607.29,16051.24
45082.00,4298.87,7562.37,15949.83
45089.00,4409.60,7642.73,16357.64
45096.00,4348.32,7461.88,15829.93
45103.00,4450.37,7531.54,16147.89
45110.00,4398.96,7256.93,15603.39
45117.00,4505.41,7434.58,16105.06
45124.00,4536.35,7663.74,16177.21
45131.00,4582.24,7694.28,16469.74
45138.00,4478.02,7564.38,15951.85
45145.00,4464.06,7524.17,15832.16
45152.00,4369.72,7262.42,15574.27
45159.00,4405.72,7338.57,15631.81
45166.00,4515.78,7464.55,15840.35
45173.00,4457.50,7478.20,15740.29
45180.00,4450.33,7711.39,15893.52
45187.00,4320.05,7683.92,15557.30
45194.00,4288.04,7608.09,15386.57
45201.00,4308.49,7494.57,15229.76
45208.00,4327.79,7599.59,15186.67
45215.00,4224.15,7402.13,14798.48
45222.00,4117.36,7291.29,14687.40
45229.00,4358.35,7417.74,15189.24
45236.00,4415.23,7360.54,15234.40
45243.00,4514.03,7504.26,15919.15
45250.00,4559.33,7488.21,16029.50
45257.00,4594.64,7529.36,16397.53
45264.00,4604.36,7554.46,16759.23
45271.00,4719.18,7576.35,16751.43
45278.00,4754.64,7697.52,16706.17
45285.00,4769.82,7733.25,16751.65
45292.00,4697.23,7689.62,16594.22
45299.00,4783.84,7624.94,16704.57
45306.00,4839.82,7461.94,16555.14
45313.00,4890.96,7635.10,16961.38
45320.00,4958.62,7615.53,16918.20
45327.00,5026.62,7572.59,16926.49
45334.00,5005.56,7711.70,17117.43
45341.00,5088.79,7706.29,17419.34
45348.00,5137.07,7682.51,17735.08
45355.00,5123.68,7659.75,17814.52
45362.00,5117.10,7727.42,17936.64
45369.00,5234.17,7930.93,18205.95
45376.00,5254.34,7952.63,18492.50
45383.00,5204.35,7911.17,18175.05
45390.00,5123.40,7995.59,17930.33
45397.00,4967.24,7895.86,17737.37
45404.00,5099.95,8139.84,18161.02
45411.00,5127.80,8213.50,18001.61
45418.00,5222.69,8433.75,18772.86
45425.00,5303.26,8420.25,18704.43
45432.00,5304.71,8317.60,18693.38
45439.00,5277.50,8275.39,18497.95
45446.00,5346.98,8245.38,18557.28
45453.00,5431.61,8146.85,18002.03
45460.00,5464.61,8237.71,18163.53
45467.00,5460.49,8164.13,18235.46
45474.00,5567.20,8203.94,18475.46
45481.00,5615.34,8252.92,18748.19
45488.00,5504.99,8155.73,18171.94
45495.00,5459.09,8285.70,18417.56
45502.00,5346.55,8174.72,17661.23
45509.00,5344.15,8168.11,17722.89
45516.00,5554.26,8311.42,18322.41
45523.00,5634.60,8327.79,18633.11
45530.00,5648.39,8376.62,18906.93
45537.00,5408.43,8181.46,18301.91
45544.00,5626.02,8273.10,18699.41
45551.00,5702.55,8230.00,18720.02
45558.00,5738.17,8320.75,19473.64
45565.00,5751.07,8280.64,19120.94
45572.00,5815.03,8253.66,19377.10
45579.00,5864.67,8358.24,19657.38
45586.00,5808.12,8248.85,19463.60
45593.00,5728.80,8177.16,19254.98
45600.00,5995.54,8072.40,19215.49
45607.00,5870.62,8063.62,19210.82
45614.00,5969.34,8262.07,19322.60
45621.00,6032.38,8287.31,19626.46
45628.00,6090.27,8308.62,20384.62
45635.00,6051.09,8300.34,20405.93
45642.00,5930.85,8084.62,19884.76
45649.00,5970.84,8149.79,19984.32
45656.00,5942.47,8223.99,19906.09
45663.00,5827.04,8248.50,20214.80
45670.00,5996.66,8505.23,20903.40
45677.00,6101.24,8502.36,21394.94
45684.00,6040.53,8673.95,21732.06
45691.00,6025.99,8700.54,21787.01
45698.00,6114.63,8732.45,22513.43
45705.00,6013.13,8659.36,22287.57
45712.00,5954.50,8809.75,22551.43
45719.00,5770.20,8679.87,23008.95
45726.00,5638.94,8632.34,22986.83
45733.00,5667.56,8646.78,22891.69
45740.00,5580.94,8658.86,22461.53
45747.00,5074.08,8054.97,20641.73
45754.00,5363.36,7964.19,20374.11
45761.00,5282.70,8275.65,21205.87
45768.00,5525.21,8415.26,22242.46
45775.00,5686.67,8596.36,23086.65
45782.00,5659.91,8554.81,23499.33
45789.00,5958.38,8684.57,23767.44
45796.00,5802.82,8717.96,23629.59
45803.00,5911.69,8772.37,23997.49
45810.00,6000.36,8837.92,24304.47
45817.00,5976.97,8850.62,23516.24
45824.00,5967.84,8774.66,23350.56
45831.00,6173.07,8798.91,24040.55
45838.00,6279.35,8822.90,23787.46
45845.00,6259.75,8941.13,24255.32
45852.00,6296.79,8992.11,24289.52
45859.00,6388.64,9120.32,24217.51
45866.00,6238.01,9068.59,23425.98
45873.00,6389.45,9095.74,24162.87
45880.00,6449.80,9138.91,24359.31
45887.00,6466.91,9321.41,24363.10
45894.00,6460.26,9187.35,23902.22
45901.00,6481.50,9208.22,23596.99
45908.00,6584.29,9283.29,23698.16
45915.00,6664.36,9216.68,23639.42
45922.00,6643.70,9284.82,23739.48
45929.00,6715.79,9491.24,24378.81
45936.00,6552.51,9427.46,24241.47